x,y,r,g,b,hex
0,0,3,3,3,#ffffff
1,0,3,3,3,#ffffff
2,0,3,3,3,#ffffff
3,0,3,3,3,#ffffff
4,0,3,3,3,#ffffff
5,0,3,3,3,#ffffff
6,0,3,3,3,#ffffff
7,0,3,3,3,#ffffff
8,0,3,3,3,#ffffff
9,0,3,3,3,#ffffff
10,0,3,3,3,#ffffff
11,0,3,3,3,#ffffff
12,0,3,3,3,#ffffff
13,0,3,3,3,#ffffff
14,0,3,3,3,#ffffff
15,0,3,3,3,#ffffff
16,0,3,3,3,#ffffff
17,0,3,3,3,#ffffff
18,0,3,3,3,#ffffff
19,0,3,3,3,#ffffff
20,0,3,3,3,#ffffff
21,0,3,3,3,#ffffff
22,0,3,3,3,#ffffff
23,0,3,3,3,#ffffff
24,0,3,3,3,#ffffff
25,0,3,3,3,#ffffff
26,0,3,2,2,#ffaaaa
27,0,3,0,0,#ff0000
28,0,3,1,1,#ff5555
29,0,3,3,3,#ffffff
30,0,3,3,3,#ffffff
31,0,3,3,3,#ffffff
32,0,3,3,3,#ffffff
33,0,3,3,3,#ffffff
34,0,3,3,3,#ffffff
35,0,3,3,3,#ffffff
36,0,3,3,3,#ffffff
37,0,3,3,3,#ffffff
38,0,3,3,3,#ffffff
39,0,3,3,3,#ffffff
40,0,3,3,3,#ffffff
41,0,3,3,3,#ffffff
42,0,3,3,3,#ffffff
43,0,3,3,3,#ffffff
44,0,3,3,3,#ffffff
45,0,3,3,3,#ffffff
0,1,3,3,3,#ffffff
1,1,3,3,3,#ffffff
2,1,3,3,3,#ffffff
3,1,3,3,3,#ffffff
4,1,3,3,3,#ffffff
5,1,3,3,3,#ffffff
6,1,3,3,3,#ffffff
7,1,3,3,3,#ffffff
8,1,3,3,3,#ffffff
9,1,3,3,3,#ffffff
10,1,3,3,3,#ffffff
11,1,3,3,3,#ffffff
12,1,3,3,3,#ffffff
13,1,3,3,3,#ffffff
14,1,3,3,3,#ffffff
15,1,3,3,3,#ffffff
16,1,3,3,3,#ffffff
17,1,3,3,3,#ffffff
18,1,3,3,3,#ffffff
19,1,3,3,3,#ffffff
20,1,3,3,3,#ffffff
21,1,3,3,3,#ffffff
22,1,3,0,0,#ff0000
23,1,3,0,0,#ff0000
24,1,3,0,0,#ff0000
25,1,3,0,0,#ff0000
26,1,3,0,0,#ff0000
27,1,3,0,0,#ff0000
28,1,3,0,0,#ff0000
29,1,3,3,3,#ffffff
30,1,3,3,3,#ffffff
31,1,3,3,3,#ffffff
32,1,3,3,3,#ffffff
33,1,3,3,3,#ffffff
34,1,3,3,3,#ffffff
35,1,3,3,3,#ffffff
36,1,3,3,3,#ffffff
37,1,3,3,3,#ffffff
38,1,3,3,3,#ffffff
39,1,3,3,3,#ffffff
40,1,3,3,3,#ffffff
41,1,3,3,3,#ffffff
42,1,3,3,3,#ffffff
43,1,3,3,3,#ffffff
44,1,3,3,3,#ffffff
45,1,3,3,3,#ffffff
0,2,3,3,3,#ffffff
1,2,3,3,3,#ffffff
2,2,3,3,3,#ffffff
3,2,3,3,3,#ffffff
4,2,3,3,3,#ffffff
5,2,3,3,3,#ffffff
6,2,3,3,3,#ffffff
7,2,3,3,3,#ffffff
8,2,3,3,3,#ffffff
9,2,3,3,3,#ffffff
10,2,3,3,3,#ffffff
11,2,3,3,3,#ffffff
12,2,3,3,3,#ffffff
13,2,3,3,3,#ffffff
14,2,3,3,3,#ffffff
15,2,3,3,3,#ffffff
16,2,3,3,3,#ffffff
17,2,3,3,3,#ffffff
18,2,3,3,3,#ffffff
19,2,3,3,3,#ffffff
20,2,3,3,3,#ffffff
21,2,3,0,0,#ff0000
22,2,3,0,0,#ff0000
23,2,3,0,0,#ff0000
24,2,3,0,0,#ff0000
25,2,3,0,0,#ff0000
26,2,3,0,0,#ff0000
27,2,3,0,0,#ff0000
28,2,3,0,0,#ff0000
29,2,3,0,0,#ff0000
30,2,3,0,0,#ff0000
31,2,3,0,0,#ff0000
32,2,3,3,3,#ffffff
33,2,3,3,3,#ffffff
34,2,3,3,3,#ffffff
35,2,3,3,3,#ffffff
36,2,3,3,3,#ffffff
37,2,3,3,3,#ffffff
38,2,3,3,3,#ffffff
39,2,3,3,3,#ffffff
40,2,3,3,3,#ffffff
41,2,3,3,3,#ffffff
42,2,3,3,3,#ffffff
43,2,3,3,3,#ffffff
44,2,3,3,3,#ffffff
45,2,3,2,2,#ffaaaa
0,3,3,3,3,#ffffff
1,3,3,3,3,#ffffff
2,3,3,3,3,#ffffff
3,3,3,3,3,#ffffff
4,3,3,3,3,#ffffff
5,3,3,3,3,#ffffff
6,3,3,3,3,#ffffff
7,3,3,3,3,#ffffff
8,3,3,3,3,#ffffff
9,3,3,3,3,#ffffff
10,3,3,3,3,#ffffff
11,3,3,3,3,#ffffff
12,3,3,3,3,#ffffff
13,3,3,3,3,#ffffff
14,3,3,3,3,#ffffff
15,3,3,3,3,#ffffff
16,3,3,3,3,#ffffff
17,3,3,3,3,#ffffff
18,3,3,3,3,#ffffff
19,3,3,3,3,#ffffff
20,3,3,0,0,#ff0000
21,3,3,0,0,#ff0000
22,3,3,0,0,#ff0000
23,3,3,0,0,#ff0000
24,3,3,0,0,#ff0000
25,3,3,0,0,#ff0000
26,3,3,0,0,#ff0000
27,3,3,0,0,#ff0000
28,3,3,0,0,#ff0000
29,3,3,0,0,#ff0000
30,3,3,0,0,#ff0000
31,3,3,2,2,#ffaaaa
32,3,3,3,3,#ffffff
33,3,3,0,0,#ff0000
34,3,3,3,3,#ffffff
35,3,3,3,3,#ffffff
36,3,3,3,3,#ffffff
37,3,3,3,3,#ffffff
38,3,3,3,3,#ffffff
39,3,3,3,3,#ffffff
40,3,3,3,3,#ffffff
41,3,3,1,1,#ff5555
42,3,3,3,3,#ffffff
43,3,3,3,3,#ffffff
44,3,3,0,0,#ff0000
45,3,3,0,0,#ff0000
0,4,3,3,3,#ffffff
1,4,3,3,3,#ffffff
2,4,3,3,3,#ffffff
3,4,3,3,3,#ffffff
4,4,3,3,3,#ffffff
5,4,3,0,0,#ff0000
6,4,3,0,0,#ff0000
7,4,3,2,2,#ffaaaa
8,4,3,3,3,#ffffff
9,4,3,3,3,#ffffff
10,4,3,3,3,#ffffff
11,4,3,3,3,#ffffff
12,4,3,3,3,#ffffff
13,4,3,3,3,#ffffff
14,4,3,3,3,#ffffff
15,4,3,3,3,#ffffff
16,4,3,3,3,#ffffff
17,4,3,3,3,#ffffff
18,4,3,2,2,#ffaaaa
19,4,3,0,0,#ff0000
20,4,3,0,0,#ff0000
21,4,3,0,0,#ff0000
22,4,3,0,0,#ff0000
23,4,3,0,0,#ff0000
24,4,3,0,0,#ff0000
25,4,3,0,0,#ff0000
26,4,3,0,0,#ff0000
27,4,3,0,0,#ff0000
28,4,3,0,0,#ff0000
29,4,3,0,0,#ff0000
30,4,3,0,0,#ff0000
31,4,3,0,0,#ff0000
32,4,3,0,0,#ff0000
33,4,3,3,3,#ffffff
34,4,3,3,3,#ffffff
35,4,3,3,3,#ffffff
36,4,3,3,3,#ffffff
37,4,3,3,3,#ffffff
38,4,3,3,3,#ffffff
39,4,3,3,3,#ffffff
40,4,3,3,3,#ffffff
41,4,3,0,0,#ff0000
42,4,3,3,3,#ffffff
43,4,3,2,2,#ffaaaa
44,4,3,0,0,#ff0000
45,4,3,0,0,#ff0000
0,5,3,3,3,#ffffff
1,5,3,3,3,#ffffff
2,5,3,3,3,#ffffff
3,5,3,2,2,#ffaaaa
4,5,3,0,0,#ff0000
5,5,3,0,0,#ff0000
6,5,3,0,0,#ff0000
7,5,3,0,0,#ff0000
8,5,3,2,2,#ffaaaa
9,5,3,3,3,#ffffff
10,5,3,3,3,#ffffff
11,5,3,3,3,#ffffff
12,5,3,3,3,#ffffff
13,5,3,3,3,#ffffff
14,5,3,0,0,#ff0000
15,5,3,0,0,#ff0000
16,5,3,3,3,#ffffff
17,5,3,3,3,#ffffff
18,5,3,2,2,#ffaaaa
19,5,3,0,0,#ff0000
20,5,3,0,0,#ff0000
21,5,3,0,0,#ff0000
22,5,3,0,0,#ff0000
23,5,3,0,0,#ff0000
24,5,3,0,0,#ff0000
25,5,3,0,0,#ff0000
26,5,3,0,0,#ff0000
27,5,3,0,0,#ff0000
28,5,3,0,0,#ff0000
29,5,3,0,0,#ff0000
30,5,3,0,0,#ff0000
31,5,3,0,0,#ff0000
32,5,3,1,1,#ff5555
33,5,3,3,3,#ffffff
34,5,3,3,3,#ffffff
35,5,3,3,3,#ffffff
36,5,3,3,3,#ffffff
37,5,3,3,3,#ffffff
38,5,3,3,3,#ffffff
39,5,3,0,0,#ff0000
40,5,3,0,0,#ff0000
41,5,3,0,0,#ff0000
42,5,3,0,0,#ff0000
43,5,3,0,0,#ff0000
44,5,3,0,0,#ff0000
45,5,3,0,0,#ff0000
0,6,3,3,3,#ffffff
1,6,3,3,3,#ffffff
2,6,3,0,0,#ff0000
3,6,3,0,0,#ff0000
4,6,3,0,0,#ff0000
5,6,3,0,0,#ff0000
6,6,3,0,0,#ff0000
7,6,3,0,0,#ff0000
8,6,3,0,0,#ff0000
9,6,3,3,3,#ffffff
10,6,3,3,3,#ffffff
11,6,3,3,3,#ffffff
12,6,3,3,3,#ffffff
13,6,3,3,3,#ffffff
14,6,3,0,0,#ff0000
15,6,3,0,0,#ff0000
16,6,3,3,3,#ffffff
17,6,3,3,3,#ffffff
18,6,3,3,3,#ffffff
19,6,3,0,0,#ff0000
20,6,3,0,0,#ff0000
21,6,3,0,0,#ff0000
22,6,3,0,0,#ff0000
23,6,3,0,0,#ff0000
24,6,3,0,0,#ff0000
25,6,3,0,0,#ff0000
26,6,3,0,0,#ff0000
27,6,3,0,0,#ff0000
28,6,3,0,0,#ff0000
29,6,3,0,0,#ff0000
30,6,3,0,0,#ff0000
31,6,3,0,0,#ff0000
32,6,3,0,0,#ff0000
33,6,3,0,0,#ff0000
34,6,3,0,0,#ff0000
35,6,3,3,3,#ffffff
36,6,3,3,3,#ffffff
37,6,3,3,3,#ffffff
38,6,3,0,0,#ff0000
39,6,3,0,0,#ff0000
40,6,3,0,0,#ff0000
41,6,3,0,0,#ff0000
42,6,3,0,0,#ff0000
43,6,3,0,0,#ff0000
44,6,3,0,0,#ff0000
45,6,3,0,0,#ff0000
0,7,3,3,3,#ffffff
1,7,3,3,3,#ffffff
2,7,3,3,3,#ffffff
3,7,3,0,0,#ff0000
4,7,3,0,0,#ff0000
5,7,3,0,0,#ff0000
6,7,3,0,0,#ff0000
7,7,3,0,0,#ff0000
8,7,3,2,2,#ffaaaa
9,7,3,3,3,#ffffff
10,7,3,3,3,#ffffff
11,7,3,3,3,#ffffff
12,7,3,3,3,#ffffff
13,7,3,3,3,#ffffff
14,7,3,0,0,#ff0000
15,7,3,0,0,#ff0000
16,7,3,0,0,#ff0000
17,7,3,3,3,#ffffff
18,7,3,3,3,#ffffff
19,7,3,0,0,#ff0000
20,7,3,0,0,#ff0000
21,7,3,3,3,#ffffff
22,7,3,3,3,#ffffff
23,7,3,0,0,#ff0000
24,7,3,0,0,#ff0000
25,7,3,0,0,#ff0000
26,7,3,0,0,#ff0000
27,7,3,0,0,#ff0000
28,7,3,0,0,#ff0000
29,7,3,0,0,#ff0000
30,7,3,0,0,#ff0000
31,7,3,0,0,#ff0000
32,7,3,0,0,#ff0000
33,7,3,3,3,#ffffff
34,7,3,3,3,#ffffff
35,7,3,3,3,#ffffff
36,7,3,3,3,#ffffff
37,7,3,0,0,#ff0000
38,7,3,0,0,#ff0000
39,7,3,0,0,#ff0000
40,7,3,0,0,#ff0000
41,7,3,0,0,#ff0000
42,7,3,0,0,#ff0000
43,7,3,0,0,#ff0000
44,7,3,0,0,#ff0000
45,7,3,3,3,#ffffff
0,8,3,3,3,#ffffff
1,8,3,3,3,#ffffff
2,8,3,0,0,#ff0000
3,8,3,0,0,#ff0000
4,8,3,0,0,#ff0000
5,8,3,0,0,#ff0000
6,8,3,0,0,#ff0000
7,8,3,0,0,#ff0000
8,8,3,0,0,#ff0000
9,8,3,0,0,#ff0000
10,8,3,3,3,#ffffff
11,8,3,3,3,#ffffff
12,8,3,3,3,#ffffff
13,8,3,3,3,#ffffff
14,8,3,0,0,#ff0000
15,8,3,0,0,#ff0000
16,8,3,0,0,#ff0000
17,8,3,0,0,#ff0000
18,8,3,0,0,#ff0000
19,8,3,0,0,#ff0000
20,8,3,0,0,#ff0000
21,8,3,0,0,#ff0000
22,8,3,0,0,#ff0000
23,8,3,0,0,#ff0000
24,8,3,0,0,#ff0000
25,8,3,0,0,#ff0000
26,8,3,0,0,#ff0000
27,8,3,0,0,#ff0000
28,8,3,0,0,#ff0000
29,8,3,0,0,#ff0000
30,8,3,0,0,#ff0000
31,8,3,0,0,#ff0000
32,8,3,0,0,#ff0000
33,8,3,3,3,#ffffff
34,8,3,3,3,#ffffff
35,8,3,3,3,#ffffff
36,8,3,0,0,#ff0000
37,8,3,0,0,#ff0000
38,8,3,0,0,#ff0000
39,8,3,0,0,#ff0000
40,8,3,0,0,#ff0000
41,8,3,0,0,#ff0000
42,8,3,0,0,#ff0000
43,8,3,0,0,#ff0000
44,8,3,2,2,#ffaaaa
45,8,3,3,3,#ffffff
0,9,3,3,3,#ffffff
1,9,3,0,0,#ff0000
2,9,3,0,0,#ff0000
3,9,3,0,0,#ff0000
4,9,3,0,0,#ff0000
5,9,3,0,0,#ff0000
6,9,3,0,0,#ff0000
7,9,3,0,0,#ff0000
8,9,3,0,0,#ff0000
9,9,3,0,0,#ff0000
10,9,3,0,0,#ff0000
11,9,3,3,3,#ffffff
12,9,3,3,3,#ffffff
13,9,3,3,3,#ffffff
14,9,3,3,3,#ffffff
15,9,3,3,3,#ffffff
16,9,3,3,3,#ffffff
17,9,3,3,3,#ffffff
18,9,3,3,3,#ffffff
19,9,3,3,3,#ffffff
20,9,3,3,3,#ffffff
21,9,3,3,3,#ffffff
22,9,3,0,0,#ff0000
23,9,3,0,0,#ff0000
24,9,3,0,0,#ff0000
25,9,3,0,0,#ff0000
26,9,3,0,0,#ff0000
27,9,3,0,0,#ff0000
28,9,3,0,0,#ff0000
29,9,3,0,0,#ff0000
30,9,3,0,0,#ff0000
31,9,3,0,0,#ff0000
32,9,3,0,0,#ff0000
33,9,3,0,0,#ff0000
34,9,3,3,3,#ffffff
35,9,3,3,3,#ffffff
36,9,3,0,0,#ff0000
37,9,3,0,0,#ff0000
38,9,3,0,0,#ff0000
39,9,3,0,0,#ff0000
40,9,3,0,0,#ff0000
41,9,3,0,0,#ff0000
42,9,3,0,0,#ff0000
43,9,3,2,2,#ffaaaa
44,9,3,3,3,#ffffff
45,9,3,3,3,#ffffff
0,10,3,3,3,#ffffff
1,10,3,3,3,#ffffff
2,10,3,3,3,#ffffff
3,10,3,3,3,#ffffff
4,10,3,0,0,#ff0000
5,10,3,0,0,#ff0000
6,10,3,0,0,#ff0000
7,10,3,0,0,#ff0000
8,10,3,0,0,#ff0000
9,10,3,0,0,#ff0000
10,10,3,0,0,#ff0000
11,10,3,0,0,#ff0000
12,10,3,0,0,#ff0000
13,10,3,3,3,#ffffff
14,10,3,3,3,#ffffff
15,10,3,3,3,#ffffff
16,10,3,3,3,#ffffff
17,10,3,3,3,#ffffff
18,10,3,3,3,#ffffff
19,10,3,3,3,#ffffff
20,10,3,0,0,#ff0000
21,10,3,0,0,#ff0000
22,10,3,0,0,#ff0000
23,10,3,0,0,#ff0000
24,10,3,0,0,#ff0000
25,10,3,0,0,#ff0000
26,10,3,0,0,#ff0000
27,10,3,0,0,#ff0000
28,10,3,0,0,#ff0000
29,10,3,0,0,#ff0000
30,10,3,0,0,#ff0000
31,10,3,0,0,#ff0000
32,10,3,0,0,#ff0000
33,10,3,0,0,#ff0000
34,10,3,0,0,#ff0000
35,10,3,3,3,#ffffff
36,10,3,0,0,#ff0000
37,10,3,0,0,#ff0000
38,10,3,0,0,#ff0000
39,10,3,0,0,#ff0000
40,10,3,0,0,#ff0000
41,10,3,3,3,#ffffff
42,10,3,3,3,#ffffff
43,10,3,3,3,#ffffff
44,10,3,3,3,#ffffff
45,10,3,3,3,#ffffff
0,11,3,3,3,#ffffff
1,11,3,3,3,#ffffff
2,11,3,3,3,#ffffff
3,11,3,0,0,#ff0000
4,11,3,0,0,#ff0000
5,11,3,0,0,#ff0000
6,11,3,0,0,#ff0000
7,11,3,0,0,#ff0000
8,11,3,0,0,#ff0000
9,11,3,0,0,#ff0000
10,11,3,0,0,#ff0000
11,11,3,0,0,#ff0000
12,11,3,0,0,#ff0000
13,11,3,0,0,#ff0000
14,11,3,3,3,#ffffff
15,11,3,0,0,#ff0000
16,11,3,3,3,#ffffff
17,11,3,3,3,#ffffff
18,11,3,0,0,#ff0000
19,11,3,1,1,#ff5555
20,11,3,3,3,#ffffff
21,11,3,3,3,#ffffff
22,11,3,0,0,#ff0000
23,11,3,0,0,#ff0000
24,11,3,0,0,#ff0000
25,11,3,0,0,#ff0000
26,11,3,0,0,#ff0000
27,11,3,0,0,#ff0000
28,11,3,0,0,#ff0000
29,11,3,0,0,#ff0000
30,11,3,0,0,#ff0000
31,11,3,0,0,#ff0000
32,11,3,0,0,#ff0000
33,11,3,3,3,#ffffff
34,11,3,3,3,#ffffff
35,11,3,3,3,#ffffff
36,11,3,0,0,#ff0000
37,11,3,0,0,#ff0000
38,11,3,0,0,#ff0000
39,11,3,2,2,#ffaaaa
40,11,3,3,3,#ffffff
41,11,3,3,3,#ffffff
42,11,3,3,3,#ffffff
43,11,3,3,3,#ffffff
44,11,3,2,2,#ffaaaa
45,11,3,0,0,#ff0000
0,12,3,3,3,#ffffff
1,12,3,3,3,#ffffff
2,12,3,3,3,#ffffff
3,12,3,3,3,#ffffff
4,12,3,1,1,#ff5555
5,12,3,3,3,#ffffff
6,12,3,3,3,#ffffff
7,12,3,0,0,#ff0000
8,12,3,0,0,#ff0000
9,12,3,0,0,#ff0000
10,12,3,0,0,#ff0000
11,12,3,0,0,#ff0000
12,12,3,0,0,#ff0000
13,12,3,0,0,#ff0000
14,12,3,0,0,#ff0000
15,12,3,0,0,#ff0000
16,12,3,0,0,#ff0000
17,12,3,1,1,#ff5555
18,12,3,0,0,#ff0000
19,12,3,0,0,#ff0000
20,12,3,0,0,#ff0000
21,12,3,0,0,#ff0000
22,12,3,0,0,#ff0000
23,12,3,0,0,#ff0000
24,12,3,0,0,#ff0000
25,12,3,0,0,#ff0000
26,12,3,0,0,#ff0000
27,12,3,0,0,#ff0000
28,12,3,0,0,#ff0000
29,12,3,0,0,#ff0000
30,12,3,0,0,#ff0000
31,12,3,0,0,#ff0000
32,12,3,0,0,#ff0000
33,12,3,3,3,#ffffff
34,12,3,3,3,#ffffff
35,12,3,3,3,#ffffff
36,12,3,0,0,#ff0000
37,12,3,0,0,#ff0000
38,12,3,0,0,#ff0000
39,12,3,3,3,#ffffff
40,12,3,3,3,#ffffff
41,12,3,3,3,#ffffff
42,12,3,3,3,#ffffff
43,12,3,3,3,#ffffff
44,12,3,0,0,#ff0000
45,12,3,0,0,#ff0000
0,13,3,3,3,#ffffff
1,13,3,3,3,#ffffff
2,13,3,3,3,#ffffff
3,13,3,3,3,#ffffff
4,13,3,3,3,#ffffff
5,13,3,3,3,#ffffff
6,13,3,3,3,#ffffff
7,13,3,0,0,#ff0000
8,13,3,0,0,#ff0000
9,13,3,0,0,#ff0000
10,13,3,0,0,#ff0000
11,13,3,0,0,#ff0000
12,13,3,0,0,#ff0000
13,13,3,0,0,#ff0000
14,13,3,0,0,#ff0000
15,13,3,0,0,#ff0000
16,13,3,0,0,#ff0000
17,13,3,0,0,#ff0000
18,13,3,0,0,#ff0000
19,13,3,0,0,#ff0000
20,13,3,0,0,#ff0000
21,13,3,0,0,#ff0000
22,13,3,0,0,#ff0000
23,13,3,0,0,#ff0000
24,13,3,0,0,#ff0000
25,13,3,0,0,#ff0000
26,13,3,0,0,#ff0000
27,13,3,0,0,#ff0000
28,13,3,0,0,#ff0000
29,13,3,0,0,#ff0000
30,13,3,0,0,#ff0000
31,13,3,0,0,#ff0000
32,13,3,0,0,#ff0000
33,13,3,2,2,#ffaaaa
34,13,3,3,3,#ffffff
35,13,3,3,3,#ffffff
36,13,3,0,0,#ff0000
37,13,3,0,0,#ff0000
38,13,3,3,3,#ffffff
39,13,3,3,3,#ffffff
40,13,3,2,2,#ffaaaa
41,13,3,0,0,#ff0000
42,13,3,0,0,#ff0000
43,13,3,0,0,#ff0000
44,13,3,0,0,#ff0000
45,13,3,0,0,#ff0000
0,14,3,3,3,#ffffff
1,14,3,3,3,#ffffff
2,14,3,3,3,#ffffff
3,14,3,3,3,#ffffff
4,14,3,3,3,#ffffff
5,14,3,3,3,#ffffff
6,14,3,3,3,#ffffff
7,14,3,0,0,#ff0000
8,14,3,0,0,#ff0000
9,14,3,0,0,#ff0000
10,14,3,0,0,#ff0000
11,14,3,0,0,#ff0000
12,14,3,0,0,#ff0000
13,14,3,0,0,#ff0000
14,14,3,0,0,#ff0000
15,14,3,0,0,#ff0000
16,14,3,0,0,#ff0000
17,14,3,0,0,#ff0000
18,14,3,0,0,#ff0000
19,14,3,0,0,#ff0000
20,14,3,0,0,#ff0000
21,14,3,0,0,#ff0000
22,14,3,0,0,#ff0000
23,14,3,0,0,#ff0000
24,14,3,0,0,#ff0000
25,14,3,0,0,#ff0000
26,14,3,0,0,#ff0000
27,14,3,0,0,#ff0000
28,14,3,0,0,#ff0000
29,14,3,0,0,#ff0000
30,14,3,0,0,#ff0000
31,14,3,2,2,#ffaaaa
32,14,3,2,2,#ffaaaa
33,14,3,2,2,#ffaaaa
34,14,3,3,3,#ffffff
35,14,3,3,3,#ffffff
36,14,3,0,0,#ff0000
37,14,3,0,0,#ff0000
38,14,3,3,3,#ffffff
39,14,3,3,3,#ffffff
40,14,3,0,0,#ff0000
41,14,3,0,0,#ff0000
42,14,3,0,0,#ff0000
43,14,3,0,0,#ff0000
44,14,3,0,0,#ff0000
45,14,3,0,0,#ff0000
0,15,3,3,3,#ffffff
1,15,3,3,3,#ffffff
2,15,3,3,3,#ffffff
3,15,3,3,3,#ffffff
4,15,3,3,3,#ffffff
5,15,3,3,3,#ffffff
6,15,3,3,3,#ffffff
7,15,3,3,3,#ffffff
8,15,3,0,0,#ff0000
9,15,3,0,0,#ff0000
10,15,3,0,0,#ff0000
11,15,3,0,0,#ff0000
12,15,3,0,0,#ff0000
13,15,3,0,0,#ff0000
14,15,3,0,0,#ff0000
15,15,3,0,0,#ff0000
16,15,3,0,0,#ff0000
17,15,3,0,0,#ff0000
18,15,3,0,0,#ff0000
19,15,3,0,0,#ff0000
20,15,3,0,0,#ff0000
21,15,3,0,0,#ff0000
22,15,3,0,0,#ff0000
23,15,3,0,0,#ff0000
24,15,3,0,0,#ff0000
25,15,3,0,0,#ff0000
26,15,3,0,0,#ff0000
27,15,3,0,0,#ff0000
28,15,3,0,0,#ff0000
29,15,3,0,0,#ff0000
30,15,3,0,0,#ff0000
31,15,3,3,3,#ffffff
32,15,3,3,3,#ffffff
33,15,3,3,3,#ffffff
34,15,3,3,3,#ffffff
35,15,3,3,3,#ffffff
36,15,3,3,3,#ffffff
37,15,3,0,0,#ff0000
38,15,3,0,0,#ff0000
39,15,3,0,0,#ff0000
40,15,3,0,0,#ff0000
41,15,3,0,0,#ff0000
42,15,3,0,0,#ff0000
43,15,3,0,0,#ff0000
44,15,3,0,0,#ff0000
45,15,3,3,3,#ffffff
0,16,3,3,3,#ffffff
1,16,3,3,3,#ffffff
2,16,3,3,3,#ffffff
3,16,3,3,3,#ffffff
4,16,3,3,3,#ffffff
5,16,3,3,3,#ffffff
6,16,3,3,3,#ffffff
7,16,3,3,3,#ffffff
8,16,3,0,0,#ff0000
9,16,3,3,3,#ffffff
10,16,3,0,0,#ff0000
11,16,3,0,0,#ff0000
12,16,3,0,0,#ff0000
13,16,3,0,0,#ff0000
14,16,3,0,0,#ff0000
15,16,3,0,0,#ff0000
16,16,3,0,0,#ff0000
17,16,3,0,0,#ff0000
18,16,3,0,0,#ff0000
19,16,3,0,0,#ff0000
20,16,3,0,0,#ff0000
21,16,3,0,0,#ff0000
22,16,3,0,0,#ff0000
23,16,3,0,0,#ff0000
24,16,3,0,0,#ff0000
25,16,3,0,0,#ff0000
26,16,3,0,0,#ff0000
27,16,3,0,0,#ff0000
28,16,3,0,0,#ff0000
29,16,3,0,0,#ff0000
30,16,3,0,0,#ff0000
31,16,3,3,3,#ffffff
32,16,3,3,3,#ffffff
33,16,3,3,3,#ffffff
34,16,3,3,3,#ffffff
35,16,3,3,3,#ffffff
36,16,3,3,3,#ffffff
37,16,3,1,1,#ff5555
38,16,3,0,0,#ff0000
39,16,3,0,0,#ff0000
40,16,3,0,0,#ff0000
41,16,3,0,0,#ff0000
42,16,3,0,0,#ff0000
43,16,3,0,0,#ff0000
44,16,3,3,3,#ffffff
45,16,3,3,3,#ffffff
0,17,3,3,3,#ffffff
1,17,3,3,3,#ffffff
2,17,3,3,3,#ffffff
3,17,3,3,3,#ffffff
4,17,3,3,3,#ffffff
5,17,3,3,3,#ffffff
6,17,3,3,3,#ffffff
7,17,3,3,3,#ffffff
8,17,3,3,3,#ffffff
9,17,3,3,3,#ffffff
10,17,3,3,3,#ffffff
11,17,3,0,0,#ff0000
12,17,3,0,0,#ff0000
13,17,3,0,0,#ff0000
14,17,3,0,0,#ff0000
15,17,3,0,0,#ff0000
16,17,3,0,0,#ff0000
17,17,3,0,0,#ff0000
18,17,3,0,0,#ff0000
19,17,3,0,0,#ff0000
20,17,3,0,0,#ff0000
21,17,3,0,0,#ff0000
22,17,3,0,0,#ff0000
23,17,3,0,0,#ff0000
24,17,3,0,0,#ff0000
25,17,3,0,0,#ff0000
26,17,3,0,0,#ff0000
27,17,3,0,0,#ff0000
28,17,3,0,0,#ff0000
29,17,3,0,0,#ff0000
30,17,3,0,0,#ff0000
31,17,3,0,0,#ff0000
32,17,3,3,3,#ffffff
33,17,3,3,3,#ffffff
34,17,3,3,3,#ffffff
35,17,3,3,3,#ffffff
36,17,3,3,3,#ffffff
37,17,3,3,3,#ffffff
38,17,3,0,0,#ff0000
39,17,3,0,0,#ff0000
40,17,3,0,0,#ff0000
41,17,3,0,0,#ff0000
42,17,3,3,3,#ffffff
43,17,3,3,3,#ffffff
44,17,3,3,3,#ffffff
45,17,3,3,3,#ffffff
0,18,3,3,3,#ffffff
1,18,3,3,3,#ffffff
2,18,3,3,3,#ffffff
3,18,3,3,3,#ffffff
4,18,3,3,3,#ffffff
5,18,3,3,3,#ffffff
6,18,3,3,3,#ffffff
7,18,3,3,3,#ffffff
8,18,3,3,3,#ffffff
9,18,3,3,3,#ffffff
10,18,3,0,0,#ff0000
11,18,3,0,0,#ff0000
12,18,3,0,0,#ff0000
13,18,3,0,0,#ff0000
14,18,3,0,0,#ff0000
15,18,3,0,0,#ff0000
16,18,3,0,0,#ff0000
17,18,3,0,0,#ff0000
18,18,3,0,0,#ff0000
19,18,3,0,0,#ff0000
20,18,3,0,0,#ff0000
21,18,3,0,0,#ff0000
22,18,3,0,0,#ff0000
23,18,3,0,0,#ff0000
24,18,3,0,0,#ff0000
25,18,3,0,0,#ff0000
26,18,3,0,0,#ff0000
27,18,3,0,0,#ff0000
28,18,3,0,0,#ff0000
29,18,3,3,3,#ffffff
30,18,3,3,3,#ffffff
31,18,3,3,3,#ffffff
32,18,3,3,3,#ffffff
33,18,3,3,3,#ffffff
34,18,3,3,3,#ffffff
35,18,3,3,3,#ffffff
36,18,3,3,3,#ffffff
37,18,3,3,3,#ffffff
38,18,3,3,3,#ffffff
39,18,3,0,0,#ff0000
40,18,3,0,0,#ff0000
41,18,3,3,3,#ffffff
42,18,3,3,3,#ffffff
43,18,3,3,3,#ffffff
44,18,3,0,0,#ff0000
45,18,3,0,0,#ff0000
0,19,3,3,3,#ffffff
1,19,3,3,3,#ffffff
2,19,3,3,3,#ffffff
3,19,3,3,3,#ffffff
4,19,3,3,3,#ffffff
5,19,3,3,3,#ffffff
6,19,3,3,3,#ffffff
7,19,3,3,3,#ffffff
8,19,3,3,3,#ffffff
9,19,3,3,3,#ffffff
10,19,3,0,0,#ff0000
11,19,3,0,0,#ff0000
12,19,3,2,2,#ffaaaa
13,19,3,2,2,#ffaaaa
14,19,3,0,0,#ff0000
15,19,3,0,0,#ff0000
16,19,3,0,0,#ff0000
17,19,3,0,0,#ff0000
18,19,3,0,0,#ff0000
19,19,3,0,0,#ff0000
20,19,3,0,0,#ff0000
21,19,3,0,0,#ff0000
22,19,3,0,0,#ff0000
23,19,3,0,0,#ff0000
24,19,3,0,0,#ff0000
25,19,3,0,0,#ff0000
26,19,3,0,0,#ff0000
27,19,3,0,0,#ff0000
28,19,3,0,0,#ff0000
29,19,3,2,2,#ffaaaa
30,19,3,3,3,#ffffff
31,19,3,3,3,#ffffff
32,19,3,3,3,#ffffff
33,19,3,3,3,#ffffff
34,19,3,3,3,#ffffff
35,19,3,3,3,#ffffff
36,19,3,3,3,#ffffff
37,19,3,3,3,#ffffff
38,19,3,3,3,#ffffff
39,19,3,0,0,#ff0000
40,19,3,0,0,#ff0000
41,19,3,3,3,#ffffff
42,19,3,3,3,#ffffff
43,19,3,0,0,#ff0000
44,19,3,0,0,#ff0000
45,19,3,0,0,#ff0000
0,20,3,3,3,#ffffff
1,20,3,3,3,#ffffff
2,20,3,3,3,#ffffff
3,20,3,3,3,#ffffff
4,20,3,3,3,#ffffff
5,20,3,3,3,#ffffff
6,20,3,3,3,#ffffff
7,20,3,3,3,#ffffff
8,20,3,3,3,#ffffff
9,20,3,2,2,#ffaaaa
10,20,3,0,0,#ff0000
11,20,3,0,0,#ff0000
12,20,3,0,0,#ff0000
13,20,3,0,0,#ff0000
14,20,3,0,0,#ff0000
15,20,3,0,0,#ff0000
16,20,3,0,0,#ff0000
17,20,3,0,0,#ff0000
18,20,3,0,0,#ff0000
19,20,3,0,0,#ff0000
20,20,3,0,0,#ff0000
21,20,3,0,0,#ff0000
22,20,3,0,0,#ff0000
23,20,3,0,0,#ff0000
24,20,3,0,0,#ff0000
25,20,3,0,0,#ff0000
26,20,3,2,2,#ffaaaa
27,20,3,0,0,#ff0000
28,20,3,0,0,#ff0000
29,20,3,0,0,#ff0000
30,20,3,3,3,#ffffff
31,20,3,3,3,#ffffff
32,20,3,3,3,#ffffff
33,20,3,3,3,#ffffff
34,20,3,3,3,#ffffff
35,20,3,3,3,#ffffff
36,20,3,3,3,#ffffff
37,20,3,3,3,#ffffff
38,20,3,3,3,#ffffff
39,20,3,3,3,#ffffff
40,20,3,0,0,#ff0000
41,20,3,1,1,#ff5555
42,20,3,0,0,#ff0000
43,20,3,0,0,#ff0000
44,20,3,0,0,#ff0000
45,20,3,2,2,#ffaaaa
0,21,3,3,3,#ffffff
1,21,3,3,3,#ffffff
2,21,3,3,3,#ffffff
3,21,3,3,3,#ffffff
4,21,3,3,3,#ffffff
5,21,3,3,3,#ffffff
6,21,3,3,3,#ffffff
7,21,3,2,2,#ffaaaa
8,21,3,0,0,#ff0000
9,21,3,0,0,#ff0000
10,21,3,0,0,#ff0000
11,21,3,0,0,#ff0000
12,21,3,3,3,#ffffff
13,21,3,0,0,#ff0000
14,21,3,0,0,#ff0000
15,21,3,0,0,#ff0000
16,21,3,0,0,#ff0000
17,21,3,0,0,#ff0000
18,21,3,0,0,#ff0000
19,21,3,0,0,#ff0000
20,21,3,0,0,#ff0000
21,21,3,0,0,#ff0000
22,21,3,0,0,#ff0000
23,21,3,0,0,#ff0000
24,21,3,2,2,#ffaaaa
25,21,3,1,1,#ff5555
26,21,3,0,0,#ff0000
27,21,3,0,0,#ff0000
28,21,3,3,3,#ffffff
29,21,3,2,2,#ffaaaa
30,21,3,3,3,#ffffff
31,21,3,3,3,#ffffff
32,21,3,3,3,#ffffff
33,21,3,3,3,#ffffff
34,21,3,3,3,#ffffff
35,21,3,3,3,#ffffff
36,21,3,3,3,#ffffff
37,21,3,3,3,#ffffff
38,21,3,3,3,#ffffff
39,21,3,3,3,#ffffff
40,21,3,0,0,#ff0000
41,21,3,0,0,#ff0000
42,21,3,0,0,#ff0000
43,21,3,0,0,#ff0000
44,21,3,0,0,#ff0000
45,21,3,3,3,#ffffff
0,22,3,3,3,#ffffff
1,22,3,3,3,#ffffff
2,22,3,0,0,#ff0000
3,22,3,0,0,#ff0000
4,22,3,2,2,#ffaaaa
5,22,3,2,2,#ffaaaa
6,22,3,0,0,#ff0000
7,22,3,0,0,#ff0000
8,22,3,0,0,#ff0000
9,22,3,0,0,#ff0000
10,22,3,0,0,#ff0000
11,22,3,0,0,#ff0000
12,22,3,1,1,#ff5555
13,22,3,0,0,#ff0000
14,22,3,1,1,#ff5555
15,22,3,3,3,#ffffff
16,22,3,3,3,#ffffff
17,22,3,3,3,#ffffff
18,22,3,3,3,#ffffff
19,22,3,3,3,#ffffff
20,22,3,3,3,#ffffff
21,22,3,3,3,#ffffff
22,22,3,2,2,#ffaaaa
23,22,3,0,0,#ff0000
24,22,3,0,0,#ff0000
25,22,3,0,0,#ff0000
26,22,3,0,0,#ff0000
27,22,3,0,0,#ff0000
28,22,3,0,0,#ff0000
29,22,3,0,0,#ff0000
30,22,3,3,3,#ffffff
31,22,3,3,3,#ffffff
32,22,3,3,3,#ffffff
33,22,3,3,3,#ffffff
34,22,3,3,3,#ffffff
35,22,3,3,3,#ffffff
36,22,3,3,3,#ffffff
37,22,3,3,3,#ffffff
38,22,3,3,3,#ffffff
39,22,3,3,3,#ffffff
40,22,3,3,3,#ffffff
41,22,3,0,0,#ff0000
42,22,3,0,0,#ff0000
43,22,3,0,0,#ff0000
44,22,3,3,3,#ffffff
45,22,3,3,3,#ffffff
0,23,3,3,3,#ffffff
1,23,3,0,0,#ff0000
2,23,3,0,0,#ff0000
3,23,3,0,0,#ff0000
4,23,3,0,0,#ff0000
5,23,3,0,0,#ff0000
6,23,3,0,0,#ff0000
7,23,3,0,0,#ff0000
8,23,3,0,0,#ff0000
9,23,3,0,0,#ff0000
10,23,3,0,0,#ff0000
11,23,3,0,0,#ff0000
12,23,3,1,1,#ff5555
13,23,3,0,0,#ff0000
14,23,3,0,0,#ff0000
15,23,3,0,0,#ff0000
16,23,3,0,0,#ff0000
17,23,3,0,0,#ff0000
18,23,3,0,0,#ff0000
19,23,3,0,0,#ff0000
20,23,3,0,0,#ff0000
21,23,3,0,0,#ff0000
22,23,3,0,0,#ff0000
23,23,3,0,0,#ff0000
24,23,3,0,0,#ff0000
25,23,3,0,0,#ff0000
26,23,3,0,0,#ff0000
27,23,3,0,0,#ff0000
28,23,3,0,0,#ff0000
29,23,3,0,0,#ff0000
30,23,3,0,0,#ff0000
31,23,3,0,0,#ff0000
32,23,3,3,3,#ffffff
33,23,3,3,3,#ffffff
34,23,3,3,3,#ffffff
35,23,3,3,3,#ffffff
36,23,3,3,3,#ffffff
37,23,3,3,3,#ffffff
38,23,3,3,3,#ffffff
39,23,3,3,3,#ffffff
40,23,3,3,3,#ffffff
41,23,3,2,2,#ffaaaa
42,23,3,0,0,#ff0000
43,23,3,0,0,#ff0000
44,23,3,3,3,#ffffff
45,23,3,3,3,#ffffff
0,24,3,3,3,#ffffff
1,24,3,3,3,#ffffff
2,24,3,0,0,#ff0000
3,24,3,0,0,#ff0000
4,24,3,0,0,#ff0000
5,24,3,0,0,#ff0000
6,24,3,0,0,#ff0000
7,24,3,0,0,#ff0000
8,24,3,0,0,#ff0000
9,24,3,0,0,#ff0000
10,24,3,0,0,#ff0000
11,24,3,0,0,#ff0000
12,24,3,0,0,#ff0000
13,24,3,0,0,#ff0000
14,24,3,0,0,#ff0000
15,24,3,0,0,#ff0000
16,24,3,0,0,#ff0000
17,24,3,0,0,#ff0000
18,24,3,0,0,#ff0000
19,24,3,0,0,#ff0000
20,24,3,0,0,#ff0000
21,24,3,0,0,#ff0000
22,24,3,0,0,#ff0000
23,24,3,0,0,#ff0000
24,24,3,0,0,#ff0000
25,24,3,0,0,#ff0000
26,24,3,0,0,#ff0000
27,24,3,0,0,#ff0000
28,24,3,0,0,#ff0000
29,24,3,0,0,#ff0000
30,24,3,0,0,#ff0000
31,24,3,0,0,#ff0000
32,24,3,0,0,#ff0000
33,24,3,3,3,#ffffff
34,24,3,3,3,#ffffff
35,24,3,3,3,#ffffff
36,24,3,3,3,#ffffff
37,24,3,3,3,#ffffff
38,24,3,3,3,#ffffff
39,24,3,3,3,#ffffff
40,24,3,3,3,#ffffff
41,24,3,3,3,#ffffff
42,24,3,0,0,#ff0000
43,24,3,0,0,#ff0000
44,24,3,3,3,#ffffff
45,24,3,3,3,#ffffff
0,25,3,0,0,#ff0000
1,25,3,0,0,#ff0000
2,25,3,0,0,#ff0000
3,25,3,0,0,#ff0000
4,25,3,0,0,#ff0000
5,25,3,0,0,#ff0000
6,25,3,0,0,#ff0000
7,25,3,0,0,#ff0000
8,25,3,0,0,#ff0000
9,25,3,0,0,#ff0000
10,25,3,0,0,#ff0000
11,25,3,0,0,#ff0000
12,25,3,2,2,#ffaaaa
13,25,3,0,0,#ff0000
14,25,3,0,0,#ff0000
15,25,3,0,0,#ff0000
16,25,3,0,0,#ff0000
17,25,3,0,0,#ff0000
18,25,3,0,0,#ff0000
19,25,3,0,0,#ff0000
20,25,3,0,0,#ff0000
21,25,3,0,0,#ff0000
22,25,3,0,0,#ff0000
23,25,3,0,0,#ff0000
24,25,3,0,0,#ff0000
25,25,3,0,0,#ff0000
26,25,3,0,0,#ff0000
27,25,3,0,0,#ff0000
28,25,3,0,0,#ff0000
29,25,3,0,0,#ff0000
30,25,3,0,0,#ff0000
31,25,3,0,0,#ff0000
32,25,3,0,0,#ff0000
33,25,3,0,0,#ff0000
34,25,3,0,0,#ff0000
35,25,3,3,3,#ffffff
36,25,3,3,3,#ffffff
37,25,3,3,3,#ffffff
38,25,3,3,3,#ffffff
39,25,3,3,3,#ffffff
40,25,3,3,3,#ffffff
41,25,3,3,3,#ffffff
42,25,3,2,2,#ffaaaa
43,25,3,0,0,#ff0000
44,25,3,3,3,#ffffff
45,25,3,3,3,#ffffff
0,26,3,0,0,#ff0000
1,26,3,0,0,#ff0000
2,26,3,0,0,#ff0000
3,26,3,0,0,#ff0000
4,26,3,0,0,#ff0000
5,26,3,0,0,#ff0000
6,26,3,0,0,#ff0000
7,26,3,0,0,#ff0000
8,26,3,2,2,#ffaaaa
9,26,3,0,0,#ff0000
10,26,3,0,0,#ff0000
11,26,3,0,0,#ff0000
12,26,3,3,3,#ffffff
13,26,3,3,3,#ffffff
14,26,3,0,0,#ff0000
15,26,3,3,3,#ffffff
16,26,3,3,3,#ffffff
17,26,3,0,0,#ff0000
18,26,3,3,3,#ffffff
19,26,3,2,2,#ffaaaa
20,26,3,0,0,#ff0000
21,26,3,0,0,#ff0000
22,26,3,0,0,#ff0000
23,26,3,0,0,#ff0000
24,26,3,0,0,#ff0000
25,26,3,0,0,#ff0000
26,26,3,0,0,#ff0000
27,26,3,0,0,#ff0000
28,26,3,0,0,#ff0000
29,26,3,0,0,#ff0000
30,26,3,0,0,#ff0000
31,26,3,0,0,#ff0000
32,26,3,0,0,#ff0000
33,26,3,0,0,#ff0000
34,26,3,0,0,#ff0000
35,26,3,0,0,#ff0000
36,26,3,3,3,#ffffff
37,26,3,3,3,#ffffff
38,26,3,3,3,#ffffff
39,26,3,3,3,#ffffff
40,26,3,3,3,#ffffff
41,26,3,3,3,#ffffff
42,26,3,3,3,#ffffff
43,26,3,0,0,#ff0000
44,26,3,3,3,#ffffff
45,26,3,3,3,#ffffff
0,27,3,3,3,#ffffff
1,27,3,3,3,#ffffff
2,27,3,2,2,#ffaaaa
3,27,3,0,0,#ff0000
4,27,3,0,0,#ff0000
5,27,3,0,0,#ff0000
6,27,3,0,0,#ff0000
7,27,3,0,0,#ff0000
8,27,3,3,3,#ffffff
9,27,3,3,3,#ffffff
10,27,3,3,3,#ffffff
11,27,3,0,0,#ff0000
12,27,3,3,3,#ffffff
13,27,3,3,3,#ffffff
14,27,3,3,3,#ffffff
15,27,3,2,2,#ffaaaa
16,27,3,3,3,#ffffff
17,27,3,3,3,#ffffff
18,27,3,3,3,#ffffff
19,27,3,3,3,#ffffff
20,27,3,3,3,#ffffff
21,27,3,3,3,#ffffff
22,27,3,3,3,#ffffff
23,27,3,3,3,#ffffff
24,27,3,3,3,#ffffff
25,27,3,1,1,#ff5555
26,27,3,0,0,#ff0000
27,27,3,0,0,#ff0000
28,27,3,0,0,#ff0000
29,27,3,0,0,#ff0000
30,27,3,0,0,#ff0000
31,27,3,0,0,#ff0000
32,27,3,0,0,#ff0000
33,27,3,0,0,#ff0000
34,27,3,0,0,#ff0000
35,27,3,0,0,#ff0000
36,27,3,0,0,#ff0000
37,27,3,3,3,#ffffff
38,27,3,3,3,#ffffff
39,27,3,3,3,#ffffff
40,27,3,3,3,#ffffff
41,27,3,3,3,#ffffff
42,27,3,3,3,#ffffff
43,27,3,0,0,#ff0000
44,27,3,3,3,#ffffff
45,27,3,3,3,#ffffff
0,28,3,3,3,#ffffff
1,28,3,3,3,#ffffff
2,28,3,3,3,#ffffff
3,28,3,0,0,#ff0000
4,28,3,0,0,#ff0000
5,28,3,2,2,#ffaaaa
6,28,3,0,0,#ff0000
7,28,3,0,0,#ff0000
8,28,3,3,3,#ffffff
9,28,3,3,3,#ffffff
10,28,3,3,3,#ffffff
11,28,3,3,3,#ffffff
12,28,3,3,3,#ffffff
13,28,3,3,3,#ffffff
14,28,3,3,3,#ffffff
15,28,3,3,3,#ffffff
16,28,3,3,3,#ffffff
17,28,3,3,3,#ffffff
18,28,3,3,3,#ffffff
19,28,3,3,3,#ffffff
20,28,3,3,3,#ffffff
21,28,3,3,3,#ffffff
22,28,3,3,3,#ffffff
23,28,3,1,1,#ff5555
24,28,3,0,0,#ff0000
25,28,3,0,0,#ff0000
26,28,3,0,0,#ff0000
27,28,3,0,0,#ff0000
28,28,3,0,0,#ff0000
29,28,3,0,0,#ff0000
30,28,3,0,0,#ff0000
31,28,3,0,0,#ff0000
32,28,3,0,0,#ff0000
33,28,3,0,0,#ff0000
34,28,3,0,0,#ff0000
35,28,3,0,0,#ff0000
36,28,3,0,0,#ff0000
37,28,3,0,0,#ff0000
38,28,3,3,3,#ffffff
39,28,3,3,3,#ffffff
40,28,3,3,3,#ffffff
41,28,3,3,3,#ffffff
42,28,3,0,0,#ff0000
43,28,3,0,0,#ff0000
44,28,3,3,3,#ffffff
45,28,3,3,3,#ffffff
0,29,3,3,3,#ffffff
1,29,3,3,3,#ffffff
2,29,3,3,3,#ffffff
3,29,3,0,0,#ff0000
4,29,3,2,2,#ffaaaa
5,29,3,3,3,#ffffff
6,29,3,2,2,#ffaaaa
7,29,3,3,3,#ffffff
8,29,3,3,3,#ffffff
9,29,3,3,3,#ffffff
10,29,3,3,3,#ffffff
11,29,3,3,3,#ffffff
12,29,3,3,3,#ffffff
13,29,3,3,3,#ffffff
14,29,3,3,3,#ffffff
15,29,3,3,3,#ffffff
16,29,3,3,3,#ffffff
17,29,3,3,3,#ffffff
18,29,3,3,3,#ffffff
19,29,3,0,0,#ff0000
20,29,3,0,0,#ff0000
21,29,3,0,0,#ff0000
22,29,3,0,0,#ff0000
23,29,3,0,0,#ff0000
24,29,3,0,0,#ff0000
25,29,3,0,0,#ff0000
26,29,3,0,0,#ff0000
27,29,3,0,0,#ff0000
28,29,3,0,0,#ff0000
29,29,3,0,0,#ff0000
30,29,3,0,0,#ff0000
31,29,3,0,0,#ff0000
32,29,3,0,0,#ff0000
33,29,3,0,0,#ff0000
34,29,3,0,0,#ff0000
35,29,3,0,0,#ff0000
36,29,3,0,0,#ff0000
37,29,3,0,0,#ff0000
38,29,3,3,3,#ffffff
39,29,3,3,3,#ffffff
40,29,3,3,3,#ffffff
41,29,3,3,3,#ffffff
42,29,3,0,0,#ff0000
43,29,3,0,0,#ff0000
44,29,3,3,3,#ffffff
45,29,3,3,3,#ffffff
0,30,3,3,3,#ffffff
1,30,3,3,3,#ffffff
2,30,3,3,3,#ffffff
3,30,3,3,3,#ffffff
4,30,3,3,3,#ffffff
5,30,3,3,3,#ffffff
6,30,3,3,3,#ffffff
7,30,3,3,3,#ffffff
8,30,3,3,3,#ffffff
9,30,3,3,3,#ffffff
10,30,3,3,3,#ffffff
11,30,3,3,3,#ffffff
12,30,3,3,3,#ffffff
13,30,3,3,3,#ffffff
14,30,3,3,3,#ffffff
15,30,3,3,3,#ffffff
16,30,3,3,3,#ffffff
17,30,3,0,0,#ff0000
18,30,3,0,0,#ff0000
19,30,3,0,0,#ff0000
20,30,3,0,0,#ff0000
21,30,3,0,0,#ff0000
22,30,3,0,0,#ff0000
23,30,3,0,0,#ff0000
24,30,3,0,0,#ff0000
25,30,3,0,0,#ff0000
26,30,3,0,0,#ff0000
27,30,3,0,0,#ff0000
28,30,3,0,0,#ff0000
29,30,3,0,0,#ff0000
30,30,3,0,0,#ff0000
31,30,3,0,0,#ff0000
32,30,3,0,0,#ff0000
33,30,3,0,0,#ff0000
34,30,3,0,0,#ff0000
35,30,3,0,0,#ff0000
36,30,3,0,0,#ff0000
37,30,3,3,3,#ffffff
38,30,3,3,3,#ffffff
39,30,3,3,3,#ffffff
40,30,3,1,1,#ff5555
41,30,3,0,0,#ff0000
42,30,3,0,0,#ff0000
43,30,3,3,3,#ffffff
44,30,3,3,3,#ffffff
45,30,3,3,3,#ffffff
0,31,3,3,3,#ffffff
1,31,3,3,3,#ffffff
2,31,3,3,3,#ffffff
3,31,3,3,3,#ffffff
4,31,3,3,3,#ffffff
5,31,3,3,3,#ffffff
6,31,3,3,3,#ffffff
7,31,3,3,3,#ffffff
8,31,3,3,3,#ffffff
9,31,3,3,3,#ffffff
10,31,3,3,3,#ffffff
11,31,3,3,3,#ffffff
12,31,3,3,3,#ffffff
13,31,3,3,3,#ffffff
14,31,3,3,3,#ffffff
15,31,3,3,3,#ffffff
16,31,3,3,3,#ffffff
17,31,3,0,0,#ff0000
18,31,3,0,0,#ff0000
19,31,3,0,0,#ff0000
20,31,3,0,0,#ff0000
21,31,3,0,0,#ff0000
22,31,3,0,0,#ff0000
23,31,3,0,0,#ff0000
24,31,3,0,0,#ff0000
25,31,3,0,0,#ff0000
26,31,3,0,0,#ff0000
27,31,3,0,0,#ff0000
28,31,3,0,0,#ff0000
29,31,3,0,0,#ff0000
30,31,3,0,0,#ff0000
31,31,3,0,0,#ff0000
32,31,3,0,0,#ff0000
33,31,3,0,0,#ff0000
34,31,3,0,0,#ff0000
35,31,3,0,0,#ff0000
36,31,3,0,0,#ff0000
37,31,3,0,0,#ff0000
38,31,3,0,0,#ff0000
39,31,3,0,0,#ff0000
40,31,3,0,0,#ff0000
41,31,3,0,0,#ff0000
42,31,3,3,3,#ffffff
43,31,3,3,3,#ffffff
44,31,3,3,3,#ffffff
45,31,3,3,3,#ffffff
0,32,3,3,3,#ffffff
1,32,3,3,3,#ffffff
2,32,3,3,3,#ffffff
3,32,3,3,3,#ffffff
4,32,3,3,3,#ffffff
5,32,3,3,3,#ffffff
6,32,3,3,3,#ffffff
7,32,3,3,3,#ffffff
8,32,3,3,3,#ffffff
9,32,3,3,3,#ffffff
10,32,3,3,3,#ffffff
11,32,3,3,3,#ffffff
12,32,3,3,3,#ffffff
13,32,3,3,3,#ffffff
14,32,3,3,3,#ffffff
15,32,3,3,3,#ffffff
16,32,3,0,0,#ff0000
17,32,3,0,0,#ff0000
18,32,3,0,0,#ff0000
19,32,3,0,0,#ff0000
20,32,3,0,0,#ff0000
21,32,3,0,0,#ff0000
22,32,3,0,0,#ff0000
23,32,3,0,0,#ff0000
24,32,3,0,0,#ff0000
25,32,3,0,0,#ff0000
26,32,3,0,0,#ff0000
27,32,3,0,0,#ff0000
28,32,3,0,0,#ff0000
29,32,3,0,0,#ff0000
30,32,3,0,0,#ff0000
31,32,3,0,0,#ff0000
32,32,3,0,0,#ff0000
33,32,3,0,0,#ff0000
34,32,3,0,0,#ff0000
35,32,3,0,0,#ff0000
36,32,3,1,1,#ff5555
37,32,3,2,2,#ffaaaa
38,32,3,3,3,#ffffff
39,32,3,3,3,#ffffff
40,32,3,3,3,#ffffff
41,32,3,3,3,#ffffff
42,32,3,3,3,#ffffff
43,32,3,3,3,#ffffff
44,32,3,3,3,#ffffff
45,32,3,3,3,#ffffff
0,33,3,3,3,#ffffff
1,33,3,3,3,#ffffff
2,33,3,3,3,#ffffff
3,33,3,3,3,#ffffff
4,33,3,3,3,#ffffff
5,33,3,3,3,#ffffff
6,33,3,3,3,#ffffff
7,33,3,3,3,#ffffff
8,33,3,3,3,#ffffff
9,33,3,3,3,#ffffff
10,33,3,3,3,#ffffff
11,33,3,3,3,#ffffff
12,33,3,3,3,#ffffff
13,33,3,3,3,#ffffff
14,33,3,3,3,#ffffff
15,33,3,3,3,#ffffff
16,33,3,0,0,#ff0000
17,33,3,0,0,#ff0000
18,33,3,0,0,#ff0000
19,33,3,0,0,#ff0000
20,33,3,0,0,#ff0000
21,33,3,0,0,#ff0000
22,33,3,0,0,#ff0000
23,33,3,0,0,#ff0000
24,33,3,3,3,#ffffff
25,33,3,0,0,#ff0000
26,33,3,0,0,#ff0000
27,33,3,0,0,#ff0000
28,33,3,0,0,#ff0000
29,33,3,0,0,#ff0000
30,33,3,0,0,#ff0000
31,33,3,0,0,#ff0000
32,33,3,0,0,#ff0000
33,33,3,0,0,#ff0000
34,33,3,0,0,#ff0000
35,33,3,3,3,#ffffff
36,33,3,3,3,#ffffff
37,33,3,3,3,#ffffff
38,33,3,3,3,#ffffff
39,33,3,3,3,#ffffff
40,33,3,3,3,#ffffff
41,33,3,3,3,#ffffff
42,33,3,3,3,#ffffff
43,33,3,3,3,#ffffff
44,33,3,3,3,#ffffff
45,33,3,3,3,#ffffff
0,34,3,3,3,#ffffff
1,34,3,3,3,#ffffff
2,34,3,3,3,#ffffff
3,34,3,3,3,#ffffff
4,34,3,3,3,#ffffff
5,34,3,3,3,#ffffff
6,34,3,3,3,#ffffff
7,34,3,3,3,#ffffff
8,34,3,3,3,#ffffff
9,34,3,3,3,#ffffff
10,34,3,3,3,#ffffff
11,34,3,3,3,#ffffff
12,34,3,3,3,#ffffff
13,34,3,3,3,#ffffff
14,34,3,3,3,#ffffff
15,34,3,3,3,#ffffff
16,34,3,0,0,#ff0000
17,34,3,0,0,#ff0000
18,34,3,0,0,#ff0000
19,34,3,0,0,#ff0000
20,34,3,0,0,#ff0000
21,34,3,0,0,#ff0000
22,34,3,0,0,#ff0000
23,34,3,2,2,#ffaaaa
24,34,3,3,3,#ffffff
25,34,3,0,0,#ff0000
26,34,3,0,0,#ff0000
27,34,3,0,0,#ff0000
28,34,3,0,0,#ff0000
29,34,3,0,0,#ff0000
30,34,3,0,0,#ff0000
31,34,3,0,0,#ff0000
32,34,3,0,0,#ff0000
33,34,3,0,0,#ff0000
34,34,3,0,0,#ff0000
35,34,3,3,3,#ffffff
36,34,3,3,3,#ffffff
37,34,3,3,3,#ffffff
38,34,3,3,3,#ffffff
39,34,3,3,3,#ffffff
40,34,3,3,3,#ffffff
41,34,3,3,3,#ffffff
42,34,3,3,3,#ffffff
43,34,3,3,3,#ffffff
44,34,3,3,3,#ffffff
45,34,3,3,3,#ffffff
0,35,3,3,3,#ffffff
1,35,3,3,3,#ffffff
2,35,3,3,3,#ffffff
3,35,3,3,3,#ffffff
4,35,3,3,3,#ffffff
5,35,3,3,3,#ffffff
6,35,3,3,3,#ffffff
7,35,3,3,3,#ffffff
8,35,3,3,3,#ffffff
9,35,3,3,3,#ffffff
10,35,3,3,3,#ffffff
11,35,3,3,3,#ffffff
12,35,3,3,3,#ffffff
13,35,3,3,3,#ffffff
14,35,3,3,3,#ffffff
15,35,3,3,3,#ffffff
16,35,3,0,0,#ff0000
17,35,3,0,0,#ff0000
18,35,3,0,0,#ff0000
19,35,3,0,0,#ff0000
20,35,3,0,0,#ff0000
21,35,3,0,0,#ff0000
22,35,3,0,0,#ff0000
23,35,3,2,2,#ffaaaa
24,35,3,3,3,#ffffff
25,35,3,0,0,#ff0000
26,35,3,0,0,#ff0000
27,35,3,0,0,#ff0000
28,35,3,0,0,#ff0000
29,35,3,0,0,#ff0000
30,35,3,0,0,#ff0000
31,35,3,0,0,#ff0000
32,35,3,0,0,#ff0000
33,35,3,0,0,#ff0000
34,35,3,0,0,#ff0000
35,35,3,3,3,#ffffff
36,35,3,3,3,#ffffff
37,35,3,3,3,#ffffff
38,35,3,3,3,#ffffff
39,35,3,3,3,#ffffff
40,35,3,3,3,#ffffff
41,35,3,3,3,#ffffff
42,35,3,3,3,#ffffff
43,35,3,3,3,#ffffff
44,35,3,3,3,#ffffff
45,35,3,3,3,#ffffff
0,36,3,3,3,#ffffff
1,36,3,3,3,#ffffff
2,36,3,3,3,#ffffff
3,36,3,3,3,#ffffff
4,36,3,3,3,#ffffff
5,36,3,3,3,#ffffff
6,36,3,3,3,#ffffff
7,36,3,3,3,#ffffff
8,36,3,3,3,#ffffff
9,36,3,3,3,#ffffff
10,36,3,3,3,#ffffff
11,36,3,3,3,#ffffff
12,36,3,3,3,#ffffff
13,36,3,3,3,#ffffff
14,36,3,3,3,#ffffff
15,36,3,3,3,#ffffff
16,36,3,0,0,#ff0000
17,36,3,0,0,#ff0000
18,36,3,0,0,#ff0000
19,36,3,0,0,#ff0000
20,36,3,0,0,#ff0000
21,36,3,0,0,#ff0000
22,36,3,0,0,#ff0000
23,36,3,3,3,#ffffff
24,36,3,3,3,#ffffff
25,36,3,2,2,#ffaaaa
26,36,3,0,0,#ff0000
27,36,3,0,0,#ff0000
28,36,3,0,0,#ff0000
29,36,3,0,0,#ff0000
30,36,3,0,0,#ff0000
31,36,3,0,0,#ff0000
32,36,3,0,0,#ff0000
33,36,3,0,0,#ff0000
34,36,3,0,0,#ff0000
35,36,3,0,0,#ff0000
36,36,3,0,0,#ff0000
37,36,3,0,0,#ff0000
38,36,3,0,0,#ff0000
39,36,3,3,3,#ffffff
40,36,3,3,3,#ffffff
41,36,3,3,3,#ffffff
42,36,3,3,3,#ffffff
43,36,3,3,3,#ffffff
44,36,3,3,3,#ffffff
45,36,3,3,3,#ffffff
0,37,3,3,3,#ffffff
1,37,3,3,3,#ffffff
2,37,3,3,3,#ffffff
3,37,3,3,3,#ffffff
4,37,3,3,3,#ffffff
5,37,3,3,3,#ffffff
6,37,3,3,3,#ffffff
7,37,3,3,3,#ffffff
8,37,3,3,3,#ffffff
9,37,3,3,3,#ffffff
10,37,3,0,0,#ff0000
11,37,3,0,0,#ff0000
12,37,3,3,3,#ffffff
13,37,3,3,3,#ffffff
14,37,3,3,3,#ffffff
15,37,3,0,0,#ff0000
16,37,3,0,0,#ff0000
17,37,3,0,0,#ff0000
18,37,3,0,0,#ff0000
19,37,3,0,0,#ff0000
20,37,3,0,0,#ff0000
21,37,3,0,0,#ff0000
22,37,3,0,0,#ff0000
23,37,3,3,3,#ffffff
24,37,3,3,3,#ffffff
25,37,3,3,3,#ffffff
26,37,3,2,2,#ffaaaa
27,37,3,0,0,#ff0000
28,37,3,0,0,#ff0000
29,37,3,0,0,#ff0000
30,37,3,0,0,#ff0000
31,37,3,0,0,#ff0000
32,37,3,0,0,#ff0000
33,37,3,0,0,#ff0000
34,37,3,0,0,#ff0000
35,37,3,0,0,#ff0000
36,37,3,0,0,#ff0000
37,37,3,0,0,#ff0000
38,37,3,0,0,#ff0000
39,37,3,0,0,#ff0000
40,37,3,3,3,#ffffff
41,37,3,3,3,#ffffff
42,37,3,3,3,#ffffff
43,37,3,3,3,#ffffff
44,37,3,3,3,#ffffff
45,37,3,3,3,#ffffff
0,38,3,3,3,#ffffff
1,38,3,3,3,#ffffff
2,38,3,3,3,#ffffff
3,38,3,3,3,#ffffff
4,38,3,3,3,#ffffff
5,38,3,3,3,#ffffff
6,38,3,3,3,#ffffff
7,38,3,3,3,#ffffff
8,38,3,3,3,#ffffff
9,38,3,0,0,#ff0000
10,38,3,0,0,#ff0000
11,38,3,0,0,#ff0000
12,38,3,0,0,#ff0000
13,38,3,3,3,#ffffff
14,38,3,0,0,#ff0000
15,38,3,0,0,#ff0000
16,38,3,0,0,#ff0000
17,38,3,0,0,#ff0000
18,38,3,0,0,#ff0000
19,38,3,0,0,#ff0000
20,38,3,0,0,#ff0000
21,38,3,0,0,#ff0000
22,38,3,0,0,#ff0000
23,38,3,3,3,#ffffff
24,38,3,3,3,#ffffff
25,38,3,3,3,#ffffff
26,38,3,3,3,#ffffff
27,38,3,3,3,#ffffff
28,38,3,3,3,#ffffff
29,38,3,0,0,#ff0000
30,38,3,0,0,#ff0000
31,38,3,0,0,#ff0000
32,38,3,0,0,#ff0000
33,38,3,0,0,#ff0000
34,38,3,0,0,#ff0000
35,38,3,0,0,#ff0000
36,38,3,0,0,#ff0000
37,38,3,0,0,#ff0000
38,38,3,0,0,#ff0000
39,38,3,0,0,#ff0000
40,38,3,2,2,#ffaaaa
41,38,3,3,3,#ffffff
42,38,3,3,3,#ffffff
43,38,3,3,3,#ffffff
44,38,3,3,3,#ffffff
45,38,3,3,3,#ffffff
0,39,3,3,3,#ffffff
1,39,3,3,3,#ffffff
2,39,3,3,3,#ffffff
3,39,3,3,3,#ffffff
4,39,3,3,3,#ffffff
5,39,3,3,3,#ffffff
6,39,3,3,3,#ffffff
7,39,3,3,3,#ffffff
8,39,3,3,3,#ffffff
9,39,3,0,0,#ff0000
10,39,3,0,0,#ff0000
11,39,3,0,0,#ff0000
12,39,3,0,0,#ff0000
13,39,3,0,0,#ff0000
14,39,3,0,0,#ff0000
15,39,3,0,0,#ff0000
16,39,3,0,0,#ff0000
17,39,3,0,0,#ff0000
18,39,3,0,0,#ff0000
19,39,3,0,0,#ff0000
20,39,3,0,0,#ff0000
21,39,3,0,0,#ff0000
22,39,3,3,3,#ffffff
23,39,3,3,3,#ffffff
24,39,3,3,3,#ffffff
25,39,3,3,3,#ffffff
26,39,3,3,3,#ffffff
27,39,3,3,3,#ffffff
28,39,3,3,3,#ffffff
29,39,3,3,3,#ffffff
30,39,3,0,0,#ff0000
31,39,3,3,3,#ffffff
32,39,3,0,0,#ff0000
33,39,3,0,0,#ff0000
34,39,3,0,0,#ff0000
35,39,3,0,0,#ff0000
36,39,3,0,0,#ff0000
37,39,3,0,0,#ff0000
38,39,3,0,0,#ff0000
39,39,3,0,0,#ff0000
40,39,3,0,0,#ff0000
41,39,3,3,3,#ffffff
42,39,3,3,3,#ffffff
43,39,3,3,3,#ffffff
44,39,3,3,3,#ffffff
45,39,3,3,3,#ffffff
0,40,3,3,3,#ffffff
1,40,3,3,3,#ffffff
2,40,3,3,3,#ffffff
3,40,3,3,3,#ffffff
4,40,3,3,3,#ffffff
5,40,3,3,3,#ffffff
6,40,3,3,3,#ffffff
7,40,3,3,3,#ffffff
8,40,3,0,0,#ff0000
9,40,3,0,0,#ff0000
10,40,3,0,0,#ff0000
11,40,3,0,0,#ff0000
12,40,3,0,0,#ff0000
13,40,3,0,0,#ff0000
14,40,3,0,0,#ff0000
15,40,3,0,0,#ff0000
16,40,3,0,0,#ff0000
17,40,3,0,0,#ff0000
18,40,3,3,3,#ffffff
19,40,3,0,0,#ff0000
20,40,3,1,1,#ff5555
21,40,3,3,3,#ffffff
22,40,3,3,3,#ffffff
23,40,3,3,3,#ffffff
24,40,3,3,3,#ffffff
25,40,3,3,3,#ffffff
26,40,3,3,3,#ffffff
27,40,3,3,3,#ffffff
28,40,3,3,3,#ffffff
29,40,3,3,3,#ffffff
30,40,3,3,3,#ffffff
31,40,3,3,3,#ffffff
32,40,3,0,0,#ff0000
33,40,3,0,0,#ff0000
34,40,3,0,0,#ff0000
35,40,3,0,0,#ff0000
36,40,3,0,0,#ff0000
37,40,3,0,0,#ff0000
38,40,3,0,0,#ff0000
39,40,3,0,0,#ff0000
40,40,3,0,0,#ff0000
41,40,3,3,3,#ffffff
42,40,3,3,3,#ffffff
43,40,3,3,3,#ffffff
44,40,3,3,3,#ffffff
45,40,3,3,3,#ffffff
0,41,3,3,3,#ffffff
1,41,3,3,3,#ffffff
2,41,3,3,3,#ffffff
3,41,3,3,3,#ffffff
4,41,3,3,3,#ffffff
5,41,3,3,3,#ffffff
6,41,3,3,3,#ffffff
7,41,3,2,2,#ffaaaa
8,41,3,0,0,#ff0000
9,41,3,0,0,#ff0000
10,41,3,0,0,#ff0000
11,41,3,0,0,#ff0000
12,41,3,0,0,#ff0000
13,41,3,0,0,#ff0000
14,41,3,0,0,#ff0000
15,41,3,0,0,#ff0000
16,41,3,0,0,#ff0000
17,41,3,3,3,#ffffff
18,41,3,3,3,#ffffff
19,41,3,0,0,#ff0000
20,41,3,3,3,#ffffff
21,41,3,3,3,#ffffff
22,41,3,3,3,#ffffff
23,41,3,3,3,#ffffff
24,41,3,3,3,#ffffff
25,41,3,3,3,#ffffff
26,41,3,3,3,#ffffff
27,41,3,3,3,#ffffff
28,41,3,3,3,#ffffff
29,41,3,3,3,#ffffff
30,41,3,3,3,#ffffff
31,41,3,3,3,#ffffff
32,41,3,0,0,#ff0000
33,41,3,0,0,#ff0000
34,41,3,0,0,#ff0000
35,41,3,0,0,#ff0000
36,41,3,0,0,#ff0000
37,41,3,0,0,#ff0000
38,41,3,0,0,#ff0000
39,41,3,0,0,#ff0000
40,41,3,2,2,#ffaaaa
41,41,3,3,3,#ffffff
42,41,3,3,3,#ffffff
43,41,3,3,3,#ffffff
44,41,3,3,3,#ffffff
45,41,3,3,3,#ffffff
0,42,3,3,3,#ffffff
1,42,3,3,3,#ffffff
2,42,3,3,3,#ffffff
3,42,3,3,3,#ffffff
4,42,3,3,3,#ffffff
5,42,3,3,3,#ffffff
6,42,3,3,3,#ffffff
7,42,3,3,3,#ffffff
8,42,3,3,3,#ffffff
9,42,3,2,2,#ffaaaa
10,42,3,0,0,#ff0000
11,42,3,0,0,#ff0000
12,42,3,0,0,#ff0000
13,42,3,0,0,#ff0000
14,42,3,0,0,#ff0000
15,42,3,3,3,#ffffff
16,42,3,3,3,#ffffff
17,42,3,3,3,#ffffff
18,42,3,3,3,#ffffff
19,42,3,3,3,#ffffff
20,42,3,3,3,#ffffff
21,42,3,3,3,#ffffff
22,42,3,3,3,#ffffff
23,42,3,3,3,#ffffff
24,42,3,3,3,#ffffff
25,42,3,3,3,#ffffff
26,42,3,3,3,#ffffff
27,42,3,3,3,#ffffff
28,42,3,3,3,#ffffff
29,42,3,3,3,#ffffff
30,42,3,3,3,#ffffff
31,42,3,3,3,#ffffff
32,42,3,0,0,#ff0000
33,42,3,0,0,#ff0000
34,42,3,0,0,#ff0000
35,42,3,0,0,#ff0000
36,42,3,0,0,#ff0000
37,42,3,0,0,#ff0000
38,42,3,0,0,#ff0000
39,42,3,0,0,#ff0000
40,42,3,3,3,#ffffff
41,42,3,3,3,#ffffff
42,42,3,3,3,#ffffff
43,42,3,3,3,#ffffff
44,42,3,3,3,#ffffff
45,42,3,3,3,#ffffff
0,43,3,3,3,#ffffff
1,43,3,3,3,#ffffff
2,43,3,3,3,#ffffff
3,43,3,3,3,#ffffff
4,43,3,3,3,#ffffff
5,43,3,3,3,#ffffff
6,43,3,3,3,#ffffff
7,43,3,3,3,#ffffff
8,43,3,3,3,#ffffff
9,43,3,0,0,#ff0000
10,43,3,0,0,#ff0000
11,43,3,0,0,#ff0000
12,43,3,2,2,#ffaaaa
13,43,3,0,0,#ff0000
14,43,3,0,0,#ff0000
15,43,3,3,3,#ffffff
16,43,3,3,3,#ffffff
17,43,3,3,3,#ffffff
18,43,3,3,3,#ffffff
19,43,3,3,3,#ffffff
20,43,3,3,3,#ffffff
21,43,3,3,3,#ffffff
22,43,3,3,3,#ffffff
23,43,3,3,3,#ffffff
24,43,3,3,3,#ffffff
25,43,3,3,3,#ffffff
26,43,3,2,2,#ffaaaa
27,43,3,0,0,#ff0000
28,43,3,3,3,#ffffff
29,43,3,3,3,#ffffff
30,43,3,3,3,#ffffff
31,43,3,0,0,#ff0000
32,43,3,0,0,#ff0000
33,43,3,0,0,#ff0000
34,43,3,0,0,#ff0000
35,43,3,0,0,#ff0000
36,43,3,0,0,#ff0000
37,43,3,0,0,#ff0000
38,43,3,3,3,#ffffff
39,43,3,3,3,#ffffff
40,43,3,3,3,#ffffff
41,43,3,3,3,#ffffff
42,43,3,3,3,#ffffff
43,43,3,3,3,#ffffff
44,43,3,3,3,#ffffff
45,43,3,3,3,#ffffff
0,44,3,3,3,#ffffff
1,44,3,3,3,#ffffff
2,44,3,3,3,#ffffff
3,44,3,3,3,#ffffff
4,44,3,3,3,#ffffff
5,44,3,3,3,#ffffff
6,44,3,3,3,#ffffff
7,44,3,3,3,#ffffff
8,44,3,3,3,#ffffff
9,44,3,0,0,#ff0000
10,44,3,3,3,#ffffff
11,44,3,3,3,#ffffff
12,44,3,3,3,#ffffff
13,44,3,0,0,#ff0000
14,44,3,0,0,#ff0000
15,44,3,3,3,#ffffff
16,44,3,3,3,#ffffff
17,44,3,3,3,#ffffff
18,44,3,3,3,#ffffff
19,44,3,3,3,#ffffff
20,44,3,3,3,#ffffff
21,44,3,3,3,#ffffff
22,44,3,3,3,#ffffff
23,44,3,3,3,#ffffff
24,44,3,3,3,#ffffff
25,44,3,3,3,#ffffff
26,44,3,0,0,#ff0000
27,44,3,0,0,#ff0000
28,44,3,0,0,#ff0000
29,44,3,0,0,#ff0000
30,44,3,0,0,#ff0000
31,44,3,0,0,#ff0000
32,44,3,0,0,#ff0000
33,44,3,0,0,#ff0000
34,44,3,0,0,#ff0000
35,44,3,3,3,#ffffff
36,44,3,0,0,#ff0000
37,44,3,3,3,#ffffff
38,44,3,3,3,#ffffff
39,44,3,3,3,#ffffff
40,44,3,3,3,#ffffff
41,44,3,3,3,#ffffff
42,44,3,3,3,#ffffff
43,44,3,3,3,#ffffff
44,44,3,3,3,#ffffff
45,44,3,3,3,#ffffff
0,45,3,3,3,#ffffff
1,45,3,3,3,#ffffff
2,45,3,3,3,#ffffff
3,45,3,3,3,#ffffff
4,45,3,3,3,#ffffff
5,45,3,3,3,#ffffff
6,45,3,3,3,#ffffff
7,45,3,3,3,#ffffff
8,45,3,3,3,#ffffff
9,45,3,3,3,#ffffff
10,45,3,3,3,#ffffff
11,45,3,3,3,#ffffff
12,45,3,3,3,#ffffff
13,45,3,3,3,#ffffff
14,45,3,3,3,#ffffff
15,45,3,3,3,#ffffff
16,45,3,3,3,#ffffff
17,45,3,3,3,#ffffff
18,45,3,3,3,#ffffff
19,45,3,3,3,#ffffff
20,45,3,3,3,#ffffff
21,45,3,3,3,#ffffff
22,45,3,3,3,#ffffff
23,45,3,3,3,#ffffff
24,45,3,3,3,#ffffff
25,45,3,3,3,#ffffff
26,45,3,3,3,#ffffff
27,45,3,0,0,#ff0000
28,45,3,0,0,#ff0000
29,45,3,0,0,#ff0000
30,45,3,0,0,#ff0000
31,45,3,0,0,#ff0000
32,45,3,0,0,#ff0000
33,45,3,0,0,#ff0000
34,45,3,3,3,#ffffff
35,45,3,3,3,#ffffff
36,45,3,3,3,#ffffff
37,45,3,3,3,#ffffff
38,45,3,3,3,#ffffff
39,45,3,3,3,#ffffff
40,45,3,3,3,#ffffff
41,45,3,3,3,#ffffff
42,45,3,3,3,#ffffff
43,45,3,3,3,#ffffff
44,45,3,3,3,#ffffff
45,45,3,3,3,#ffffff
0,46,3,3,3,#ffffff
1,46,3,3,3,#ffffff
2,46,3,3,3,#ffffff
3,46,3,3,3,#ffffff
4,46,3,3,3,#ffffff
5,46,3,3,3,#ffffff
6,46,3,3,3,#ffffff
7,46,3,3,3,#ffffff
8,46,3,3,3,#ffffff
9,46,3,3,3,#ffffff
10,46,3,3,3,#ffffff
11,46,3,3,3,#ffffff
12,46,3,3,3,#ffffff
13,46,3,3,3,#ffffff
14,46,3,3,3,#ffffff
15,46,3,3,3,#ffffff
16,46,3,3,3,#ffffff
17,46,3,3,3,#ffffff
18,46,3,3,3,#ffffff
19,46,3,3,3,#ffffff
20,46,3,3,3,#ffffff
21,46,3,3,3,#ffffff
22,46,3,3,3,#ffffff
23,46,3,3,3,#ffffff
24,46,3,3,3,#ffffff
25,46,3,2,2,#ffaaaa
26,46,3,0,0,#ff0000
27,46,3,0,0,#ff0000
28,46,3,0,0,#ff0000
29,46,3,0,0,#ff0000
30,46,3,0,0,#ff0000
31,46,3,0,0,#ff0000
32,46,3,0,0,#ff0000
33,46,3,0,0,#ff0000
34,46,3,3,3,#ffffff
35,46,3,3,3,#ffffff
36,46,3,3,3,#ffffff
37,46,3,3,3,#ffffff
38,46,3,3,3,#ffffff
39,46,3,3,3,#ffffff
40,46,3,3,3,#ffffff
41,46,3,3,3,#ffffff
42,46,3,3,3,#ffffff
43,46,3,3,3,#ffffff
44,46,3,3,3,#ffffff
45,46,3,3,3,#ffffff
0,47,3,3,3,#ffffff
1,47,3,3,3,#ffffff
2,47,3,3,3,#ffffff
3,47,3,3,3,#ffffff
4,47,3,3,3,#ffffff
5,47,3,3,3,#ffffff
6,47,3,3,3,#ffffff
7,47,3,3,3,#ffffff
8,47,3,3,3,#ffffff
9,47,3,3,3,#ffffff
10,47,3,3,3,#ffffff
11,47,3,3,3,#ffffff
12,47,3,3,3,#ffffff
13,47,3,3,3,#ffffff
14,47,3,3,3,#ffffff
15,47,3,3,3,#ffffff
16,47,3,3,3,#ffffff
17,47,3,3,3,#ffffff
18,47,3,3,3,#ffffff
19,47,3,3,3,#ffffff
20,47,3,3,3,#ffffff
21,47,3,3,3,#ffffff
22,47,3,3,3,#ffffff
23,47,3,3,3,#ffffff
24,47,3,3,3,#ffffff
25,47,3,0,0,#ff0000
26,47,3,0,0,#ff0000
27,47,3,0,0,#ff0000
28,47,3,0,0,#ff0000
29,47,3,0,0,#ff0000
30,47,3,0,0,#ff0000
31,47,3,0,0,#ff0000
32,47,3,0,0,#ff0000
33,47,3,0,0,#ff0000
34,47,3,3,3,#ffffff
35,47,3,3,3,#ffffff
36,47,3,3,3,#ffffff
37,47,3,3,3,#ffffff
38,47,3,3,3,#ffffff
39,47,3,3,3,#ffffff
40,47,3,3,3,#ffffff
41,47,3,3,3,#ffffff
42,47,3,3,3,#ffffff
43,47,3,3,3,#ffffff
44,47,3,3,3,#ffffff
45,47,3,3,3,#ffffff
0,48,3,3,3,#ffffff
1,48,3,3,3,#ffffff
2,48,3,3,3,#ffffff
3,48,3,3,3,#ffffff
4,48,3,3,3,#ffffff
5,48,3,3,3,#ffffff
6,48,3,3,3,#ffffff
7,48,3,3,3,#ffffff
8,48,3,3,3,#ffffff
9,48,3,3,3,#ffffff
10,48,3,3,3,#ffffff
11,48,3,3,3,#ffffff
12,48,3,3,3,#ffffff
13,48,3,3,3,#ffffff
14,48,3,3,3,#ffffff
15,48,3,3,3,#ffffff
16,48,3,3,3,#ffffff
17,48,3,3,3,#ffffff
18,48,3,3,3,#ffffff
19,48,3,3,3,#ffffff
20,48,3,3,3,#ffffff
21,48,3,3,3,#ffffff
22,48,3,3,3,#ffffff
23,48,3,3,3,#ffffff
24,48,3,3,3,#ffffff
25,48,3,3,3,#ffffff
26,48,3,3,3,#ffffff
27,48,3,3,3,#ffffff
28,48,3,3,3,#ffffff
29,48,3,0,0,#ff0000
30,48,3,0,0,#ff0000
31,48,3,3,3,#ffffff
32,48,3,0,0,#ff0000
33,48,3,2,2,#ffaaaa
34,48,3,3,3,#ffffff
35,48,3,3,3,#ffffff
36,48,3,3,3,#ffffff
37,48,3,3,3,#ffffff
38,48,3,3,3,#ffffff
39,48,3,3,3,#ffffff
40,48,3,3,3,#ffffff
41,48,3,3,3,#ffffff
42,48,3,3,3,#ffffff
43,48,3,3,3,#ffffff
44,48,3,3,3,#ffffff
45,48,3,3,3,#ffffff
0,49,3,3,3,#ffffff
1,49,3,3,3,#ffffff
2,49,3,3,3,#ffffff
3,49,3,3,3,#ffffff
4,49,3,3,3,#ffffff
5,49,3,3,3,#ffffff
6,49,3,3,3,#ffffff
7,49,3,3,3,#ffffff
8,49,3,3,3,#ffffff
9,49,3,3,3,#ffffff
10,49,3,3,3,#ffffff
11,49,3,3,3,#ffffff
12,49,3,3,3,#ffffff
13,49,3,3,3,#ffffff
14,49,3,3,3,#ffffff
15,49,3,3,3,#ffffff
16,49,3,3,3,#ffffff
17,49,3,3,3,#ffffff
18,49,3,3,3,#ffffff
19,49,3,3,3,#ffffff
20,49,3,3,3,#ffffff
21,49,3,3,3,#ffffff
22,49,3,3,3,#ffffff
23,49,3,3,3,#ffffff
24,49,3,3,3,#ffffff
25,49,3,3,3,#ffffff
26,49,3,3,3,#ffffff
27,49,3,3,3,#ffffff
28,49,3,0,0,#ff0000
29,49,3,0,0,#ff0000
30,49,3,2,2,#ffaaaa
31,49,3,3,3,#ffffff
32,49,3,0,0,#ff0000
33,49,3,3,3,#ffffff
34,49,3,3,3,#ffffff
35,49,3,3,3,#ffffff
36,49,3,3,3,#ffffff
37,49,3,3,3,#ffffff
38,49,3,3,3,#ffffff
39,49,3,3,3,#ffffff
40,49,3,3,3,#ffffff
41,49,3,3,3,#ffffff
42,49,3,3,3,#ffffff
43,49,3,3,3,#ffffff
44,49,3,3,3,#ffffff
45,49,3,3,3,#ffffff
